<application>
  <component name="CodeFoldingSettings">
    <option name="COLLAPSE_IMPORTS" value="false" />
  </component>
  <component name="CodeInsightSettings">
    <option name="SHOW_FULL_SIGNATURES_IN_PARAMETER_INFO" value="true" />
  </component>
  <component name="DaemonCodeAnalyzerSettings">
    <option name="SHOW_METHOD_SEPARATORS" value="true" />
  </component>
  <component name="JavaCodeFoldingSettings">
    <option name="collapseConstructorGenericParameters" value="false" />
    <option name="collapseI18nMessages" value="false" />
    <option name="collapseLambdas" value="false" />
    <option name="collapseOneLineMethods" value="false" />
    <option name="collapseSuppressWarnings" value="false" />
  </component>
  <component name="XmlFoldingSettings">
    <option name="COLLAPSE_HTML_STYLE_ATTRIBUTE" value="false" />
    <option name="COLLAPSE_ENTITIES" value="false" />
  </component>
</application>