<application>
  <component name="FileTypeManager" version="17">
    <ignoreFiles list="*.hprof;*.pyc;*.pyo;*.rbc;*.yarb;*~;.DS_Store;.git;.hg;.svn;CVS;__pycache__;_svn;target;vssver.scc;vssver2.scc;" />
    <extensionMap>
      <mapping pattern="assemble" type="PLAIN_TEXT" />
      <mapping pattern="camel-context-fail" type="PLAIN_TEXT" />
      <mapping pattern="etc" type="PLAIN_TEXT" />
      <mapping pattern="bom-versions-cache" type="PLAIN_TEXT" />
      <mapping pattern=".gitattributes" type="PLAIN_TEXT" />
      <mapping pattern="run" type="PLAIN_TEXT" />
      <mapping pattern="log4j/properties" type="PLAIN_TEXT" />
      <mapping pattern="cube" type="PLAIN_TEXT" />
      <mapping pattern="resources" type="PLAIN_TEXT" />
      <mapping pattern="Jenkinsfile" type="PLAIN_TEXT" />
      <mapping pattern="out" type="PLAIN_TEXT" />
      <mapping pattern="Dockerfile" type="PLAIN_TEXT" />
      <mapping pattern="usage" type="PLAIN_TEXT" />
      <mapping pattern="camel-chronicle-engine" type="PLAIN_TEXT" />
      <mapping ext="chtml" type="PLAIN_TEXT" />
      <mapping ext="conf" type="PLAIN_TEXT" />
      <mapping ext="index" type="PLAIN_TEXT" />
      <mapping ext="md" type="PLAIN_TEXT" />
      <mapping ext="bin" type="PLAIN_TEXT" />
      <mapping ext="cert" type="PLAIN_TEXT" />
      <mapping ext="p12" type="PLAIN_TEXT" />
      <mapping ext="proto" type="PLAIN_TEXT" />
      <mapping ext="sch" type="PLAIN_TEXT" />
      <mapping ext="sxl" type="PLAIN_TEXT" />
      <mapping ext="version" type="PLAIN_TEXT" />
      <mapping ext="cfg" type="PLAIN_TEXT" />
      <mapping ext="cli" type="PLAIN_TEXT" />
      <mapping ext="pem" type="PLAIN_TEXT" />
      <mapping ext="der" type="PLAIN_TEXT" />
      <mapping ext="ftl" type="PLAIN_TEXT" />
      <mapping ext="jks" type="PLAIN_TEXT" />
      <mapping ext="factories" type="PLAIN_TEXT" />
      <mapping ext="tm" type="PLAIN_TEXT" />
      <mapping ext="sxd" type="PLAIN_TEXT" />
      <mapping ext="mustache" type="PLAIN_TEXT" />
      <mapping ext="elsql" type="PLAIN_TEXT" />
    </extensionMap>
  </component>
</application>