<application>
  <component name="FindSettings">
    <option name="customScope" value="All Places" />
    <option name="defaultScopeName" value="All Places" />
    <option name="SEARCH_SCOPE" value="All Places" />
    <option name="FILE_MASK" value="pom.xml" />
    <mask>*.properties</mask>
    <mask>*.html</mask>
    <mask>*.jsp</mask>
    <mask>*.js</mask>
    <mask>*.as</mask>
    <mask>*.css</mask>
    <mask>*.mxml</mask>
    <mask>*java</mask>
    <mask>*processor*.java</mask>
    <mask>*.xml</mask>
    <mask>*</mask>
    <mask>*.java</mask>
    <mask>pom.xml</mask>
  </component>
</application>