<application>
  <component name="ExternalResourceManagerImpl">
    <resource url="http://camel.apache.org/schema/cxf" location="$USER_HOME$/.IdeaIC2018.1/system/extResources/2299bc4a_camel-cxf.xsd" />
    <resource url="http://camel.apache.org/schema/spring/camel-spring.xsd" location="$USER_HOME$/.IdeaIC2018.1/system/extResources/9caa49d4_camel-spring.xsd" />
    <resource url="http://cxf.apache.org/jaxws" location="$USER_HOME$/.IdeaIC2018.1/system/extResources/60648a7f_jaxws.xsd" />
    <resource url="http://cxf.apache.org/schemas/configuration/cxf-beans.xsd" location="$USER_HOME$/.IdeaIC2018.1/system/extResources/5b196030_cxf-beans.xsd" />
    <resource url="http://cxf.apache.org/schemas/configuration/http-conf.xsd" location="$USER_HOME$/.IdeaIC2017.1/system/extResources/5a8f03f2_http-conf.xsd" />
    <resource url="http://cxf.apache.org/schemas/configuration/http-jetty.xsd" location="$USER_HOME$/.IdeaIC2017.1/system/extResources/4fad5326_http-jetty.xsd" />
    <resource url="http://cxf.apache.org/schemas/configuration/parameterized-types.xsd" location="$USER_HOME$/.IdeaIC2018.1/system/extResources/2b84f58e_parameterized-types.xsd" />
    <resource url="http://cxf.apache.org/schemas/configuration/security.xsd" location="$USER_HOME$/.IdeaIC2018.1/system/extResources/4eadf60d_security.xsd" />
    <resource url="http://cxf.apache.org/transports/http/configuration" location="$USER_HOME$/.IdeaIC2018.1/system/extResources/5a8f03f2_http-conf.xsd" />
    <resource url="http://maven.apache.org/plugins/maven-assembly-plugin/assembly/1.1.2" location="$USER_HOME$/.IdeaIC2016.3/system/extResources/48b8f268_assembly-1.1.2.xsd" />
    <resource url="http://schemas.xmlsoap.org/ws/2005/07/securitypolicy" location="$USER_HOME$/.IdeaIC2017.1/system/extResources/791f18bc_securitypolicy.html" />
    <resource url="http://schemas.xmlsoap.org/wsdl/2003-02-11.xsd" location="$USER_HOME$/.IdeaIC2018.1/system/extResources/f81ece60_2003-02-11.xsd" />
    <resource url="http://www.jooq.org/xsd/jooq-codegen-3.10.0.xsd" location="$USER_HOME$/.IdeaIC2018.1/system/extResources/537cc258_jooq-codegen-3.10.0.xsd" />
    <resource url="http://www.springframework.org/schema/beans" location="$USER_HOME$/.IdeaIC2018.1/system/extResources/334543e7_spring-beans.xsd" />
    <resource url="http://www.springframework.org/schema/beans/spring-beans-4.3.xsd" location="$USER_HOME$/.IdeaIC2016.3/system/extResources/d83fe593_spring-beans-4.3.xsd" />
    <resource url="http://www.springframework.org/schema/beans/spring-beans.xsd" location="$USER_HOME$/.IdeaIC2018.1/system/extResources/334543e7_spring-beans.xsd" />
    <resource url="http://www.springframework.org/schema/jee/spring-jee.xsd" location="$USER_HOME$/.IdeaIC2016.3/system/extResources/565f9b07_spring-jee.xsd" />
    <resource url="http://www.springframework.org/schema/tool/spring-tool-4.3.xsd" location="$USER_HOME$/.IdeaIC2016.3/system/extResources/946a6b65_spring-tool-4.3.xsd" />
    <resource url="http://www.w3.org/2001/xml.xsd" location="$USER_HOME$/.IdeaIC2016.2/system/extResources/9b192256_xml.xsd" />
    <resource url="http://xmlns.jcp.org/xml/ns/javaee" location="$USER_HOME$/.IdeaIC2016.2/system/extResources/27c071c8_web-app_3_1.xsd" />
    <resource url="http://xmlns.jcp.org/xml/ns/javaee/web-app_3_1.xsd" location="$USER_HOME$/.IdeaIC2016.2/system/extResources/27c071c8_web-app_3_1.xsd" />
    <resource url="https://www.osgi.org/xmlns/blueprint/v1.0.0/blueprint.xsd" location="$USER_HOME$/.IdeaIC2017.1/system/extResources/944739a_blueprint.xsd" />
  </component>
</application>